<?xml version="1.0" encoding="UTF-8"?>
<project-private xmlns="http://www.netbeans.org/ns/project-private/1">
    <editor-bookmarks xmlns="http://www.netbeans.org/ns/editor-bookmarks/2" lastBookmarkId="1">
        <file>
            <url>src/Model/UserModel.java</url>
            <bookmark id="1">
                <name/>
                <line>128</line>
                <key/>
            </bookmark>
        </file>
    </editor-bookmarks>
    <open-files xmlns="http://www.netbeans.org/ns/projectui-open-files/2">
        <group>
            <file>file:/C:/Users/FLOW/Documents/NetBeansProjects/PeminjamanGedung-PBO/src/Model/PeminjamanModel.java</file>
            <file>file:/C:/Users/FLOW/Documents/NetBeansProjects/PeminjamanGedung-PBO/src/View/Login.java</file>
        </group>
    </open-files>
</project-private>
